{
	"AWSTemplateFormatVersion" : "2010-09-09",
	"Description" : "AWS CloudFormation creates 2 Public VPC and 2 Private VPC",
	
	"Parameters" : {
		"KeyName" : {
			"Type" : "String",
			"Default": "STACKTEST",
			"MinLength": "1",
			"MaxLength": "255",
			"ConstraintDescription": "Can contain only ASCII Characters"
		},
		
		"SSHLocation": {
			"Type": "String",
			"MinLength": "9",
			"MaxLength": "18",
			"Default": "112.121.48.1/32",
			"AllowedPattern":"(\\d{1,3})\\.(\\d{1,3})\\.(\\d{1,3})\\.(\\d{1,3})/(\\d{1,2})",
			"ConstraintDescription": "Must be a valid CIDR range of the the form x.x.x.x"
		},
		
		"DBUsername":{
            "Description":"username of DB User",
            "Type":"String",
            "Default":"root"
        },
        "DBPassword":{
            "Description":"password of DB User",
            "Type":"String",
            "Default":"Welcome123"
        },
        "DBClass" : {
            "Default" : "db.t2.micro",
            "Description" : "database instance class",
            "Type" : "String",
            "AllowedValues" : ["db.t2.micro"],
            "ConstraintDescription" : "must select a valid database instance type."
        },
        "DBName": {
            "Default": "rental",
            "Description" : "the vehiclerental database name",
            "Type": "String",
            "MinLength": "1",
            "MaxLength": "64",
            "AllowedPattern" : "[a-zA-Z][a-zA-Z0-9]*",
            "ConstraintDescription" : "must begin with a letter and contain only alphanumeric characters."
        }
	}	,
	"Mappings": {
		
		"SubnetConfig":{
			"VPC"     : { "CIDR" : "10.0.0.0/16" },
			"Public1"  : { "CIDR" : "10.0.0.0/24" },
			"Public2"  : { "CIDR" : "10.0.1.0/24" }
		
		}
	},
	
	"Resources" : {
		"VPC" : {
			"Type" : "AWS::EC2::VPC",
			"Properties" : {
				"CidrBlock" : { "Fn::FindInMap" : [ "SubnetConfig", "VPC", "CIDR" ]},
				"EnableDnsSupport" : "true",
				"EnableDnsHostnames" : "true",
				"Tags" :[
				         {"Key" :"Application" ,"Value" :{"Ref" : "AWS::StackId"}},
				         {"Key" : "Network", "Value" :"Public"}
				]
			}
		},
		
		"PublicSubnet1" : {
			"Type" : "AWS::EC2::Subnet",
			"Properties" : {
				"VpcId" : {"Ref" :"VPC"},
				"AvailabilityZone" : "ap-southeast-1a",
				"CidrBlock" : { "Fn::FindInMap" : [ "SubnetConfig", "Public1", "CIDR" ]},
				"Tags":[
				        { "Key" : "Application", "Value" : { "Ref" : "AWS::StackId" } },
				        { "Key" : "Network", "Value" : "Public" }
				]
			}
		},
  
		"PublicSubnet2" : {
			"Type" : "AWS::EC2::Subnet",
			"Properties" : {
				"VpcId" : {"Ref" :"VPC"},
				"AvailabilityZone" : "ap-southeast-1b",
				"CidrBlock" : { "Fn::FindInMap" : [ "SubnetConfig", "Public2", "CIDR" ]},
				"Tags":[
				        { "Key" : "Application", "Value" : { "Ref" : "AWS::StackId" } },
				        { "Key" : "Network", "Value" : "Public" }
				]
			}
		},
		
		"InternetGateway" : {
			"Type" : "AWS::EC2::InternetGateway",
			"Properties" : {
				"Tags":[
				        { "Key" : "Application", "Value" : { "Ref" : "AWS::StackId" } },
				        { "Key" : "Network", "Value" : "Public" }
		        ]
			}
		},
		
		"GatewayAttachment": {
			"Type":"AWS::EC2::VPCGatewayAttachment",
			"Properties":{
				"VpcId": {"Ref" : "VPC"},
				"InternetGatewayId": {"Ref":"InternetGateway"}
			}
		},
		
		"PublicRouteTable" : {
			"Type" : "AWS::EC2::RouteTable",
			"Properties" : {
				"VpcId" : { "Ref" : "VPC" },
				"Tags" : [
				          { "Key" : "Application", "Value" : { "Ref" : "AWS::StackId" } },
				          { "Key" : "Network", "Value" : "Public" }
				 ]
	      }
	    },
	    
	    "PublicRoute" : {
	    	"Type" : "AWS::EC2::Route",
	    	"DependsOn" : "GatewayAttachment",
	    	"Properties" : {
	    		"RouteTableId" : { "Ref" : "PublicRouteTable" },
	    		"DestinationCidrBlock" : "0.0.0.0/0",
	    		"GatewayId" : { "Ref" : "InternetGateway" }
	    	}
	    },
	    
	    "PublicSubnetRouteTableAssociation1" : {
	    	"Type" : "AWS::EC2::SubnetRouteTableAssociation",
	        "Properties" : {
	        	"SubnetId" : { "Ref" : "PublicSubnet1" },
	        	"RouteTableId" : { "Ref" : "PublicRouteTable" }
	        }
	    },
     
	    "PublicSubnetRouteTableAssociation2" : {
	    	"Type" : "AWS::EC2::SubnetRouteTableAssociation",
	        "Properties" : {
	        	"SubnetId" : { "Ref" : "PublicSubnet2" },
	        	"RouteTableId" : { "Ref" : "PublicRouteTable" }
	        }
	    },
	    
	    "PublicNetworkAcl" : {
	    	"Type" : "AWS::EC2::NetworkAcl",
				"Properties" : {
	    		"VpcId" : { "Ref" : "VPC" },
	    		"Tags" : [
	                    { "Key" : "Application", "Value" : { "Ref" : "AWS::StackId" } },
                    	{ "Key" : "Network", "Value" : "Public" }
	            ]
	        }
	    },
	    
	    "InboundHTTPPublicNetworkAclEntry" : {
	    	"Type" : "AWS::EC2::NetworkAclEntry",
	    	"Properties" : {
	    		"NetworkAclId" : { "Ref" : "PublicNetworkAcl" },
	    		"RuleNumber" : "100",
	    		"Protocol" : "6",
	    		"RuleAction" : "allow",
	    		"Egress" : "false",
	    		"CidrBlock" : "0.0.0.0/0",
	    		"PortRange" : { "From" : "80", "To" : "80" }
	        }
	    },
	    
	    "InboundHTTPSPublicNetworkAclEntry" : {
	    	"Type" : "AWS::EC2::NetworkAclEntry",
	    	"Properties" : {
	    		"NetworkAclId" : { "Ref" : "PublicNetworkAcl" },
	    		"RuleNumber" : "101",
	    		"Protocol" : "6",
	    		"RuleAction" : "allow",
	    		"Egress" : "false",
	    		"CidrBlock" : "0.0.0.0/0",
	    		"PortRange" : { "From" : "443", "To" : "443" }
	        }
	    },
	    
	    "InboundSSHPublicNetworkAclEntry" : {
	    	"Type" : "AWS::EC2::NetworkAclEntry",
	    	"Properties" : {
	    		"NetworkAclId" : { "Ref" : "PublicNetworkAcl" },
	    		"RuleNumber" : "102",
	    		"Protocol" : "6",
	    		"RuleAction" : "allow",
	    		"Egress" : "false",
	    		"CidrBlock" : {"Ref":"SSHLocation"},
	    		"PortRange" : { "From" : "22", "To" : "22" }
	        }
	    },
     
	    "InboundSSHPublicNetworkAclEntryAll" : {
	    	"Type" : "AWS::EC2::NetworkAclEntry",
	    	"Properties" : {
	    		"NetworkAclId" : { "Ref" : "PublicNetworkAcl" },
	    		"RuleNumber" : "120",
	    		"Protocol" : "6",
	    		"RuleAction" : "allow",
	    		"Egress" : "false",
	    		"CidrBlock" : "0.0.0.0/0",
	    		"PortRange" : { "From" : "22", "To" : "22" }
	        }
	    },
	    
	    "InboundEmphemeralPublicNetworkAclEntry" : {
	    	"Type" : "AWS::EC2::NetworkAclEntry",
	    	"Properties" : {
	    		"NetworkAclId" : { "Ref" : "PublicNetworkAcl" },
	    		"RuleNumber" : "103",
	    		"Protocol" : "6",
	    		"RuleAction" : "allow",
	    		"Egress" : "false",
	    		"CidrBlock" : "0.0.0.0/0",
	    		"PortRange" : { "From" : "1024", "To" : "65535" }
	        }
	    },
	    
	    "OutboundPublicNetworkAclEntry" : {
	    	"Type" : "AWS::EC2::NetworkAclEntry",
	    	"Properties" : {
	    		"NetworkAclId" : { "Ref" : "PublicNetworkAcl" },
	    		"RuleNumber" : "100",
	    		"Protocol" : "6",
	    		"RuleAction" : "allow",
	    		"Egress" : "true",
	    		"CidrBlock" : "0.0.0.0/0",
				"PortRange" : { "From" : "0", "To" : "65535" }
	    	}
	    },
	    
	    "PublicSubnetNetworkAclAssociation1" : {
	    	"Type" : "AWS::EC2::SubnetNetworkAclAssociation",
	    	"Properties" : {
	    		"SubnetId" : { "Ref" : "PublicSubnet1" },
	    		"NetworkAclId" : { "Ref" : "PublicNetworkAcl" }
	    	}
	    },
	    "PublicSubnetNetworkAclAssociation2" : {
	    	"Type" : "AWS::EC2::SubnetNetworkAclAssociation",
	    	"Properties" : {
	    		"SubnetId" : { "Ref" : "PublicSubnet2" },
	    		"NetworkAclId" : { "Ref" : "PublicNetworkAcl" }
	    	}
	    },
	    
	    "RDSInstance":{
            "Type": "AWS::RDS::DBInstance",
            "Properties": {
                "DBName"            : { "Ref": "DBName" },
                "AllocatedStorage"  : "5",
                "DBInstanceClass"   : { "Ref" : "DBClass" },
                "Engine"            : "MySQL",
                "MasterUsername"    : { "Ref": "DBUsername" },
                "MasterUserPassword": { "Ref": "DBPassword" },
                "BackupRetentionPeriod": "0",
                "DBSubnetGroupName" : { "Ref" : "DBSubnetGroup" },
                "VPCSecurityGroups" : [ { "Ref" : "RDSSecurityGroup" }]
            }
        },
        
        "DBSubnetGroup" : {
            "Type" : "AWS::RDS::DBSubnetGroup",
            "Properties" : {
                "DBSubnetGroupDescription" : "Subnets available for the RDS DB Instance",
                "SubnetIds" : [{"Ref":"PublicSubnet1"},{"Ref":"PublicSubnet2"}]
            }
        },
		"RDSSecurityGroup" : {
            "Type" : "AWS::EC2::SecurityGroup",
            "Properties" :{
                "GroupDescription" : "Security group for RDS DB Instance.",
                "VpcId" : { "Ref" : "VPC" },
                "SecurityGroupIngress" : [ { 
                    "IpProtocol" : "tcp",
                    "FromPort" : "3306",
                    "ToPort" : "3306",
                    "CidrIp" : "0.0.0.0/0"
                }]
            }
        }
        
        
	},
	
			
	"Outputs" : {
		"vpcid":{
			"Description":"VpcId of Creted VPC",
			"Value":{"Ref":"VPC"}
		},
		"pubsub1":{
			"Description":"Public Subnet ID 1",
			"Value":{"Ref":"PublicSubnet1"}
		},
		"pubsub2":{
			"Description":"Public Subnet ID 2",
			"Value":{"Ref":"PublicSubnet2"}
		},
		"endpointrds":{
			"Description":"RDS Endpoint Address",
			"Value":{"Fn::GetAtt": ["RDSInstance","Endpoint.Address"]}
		}
	}
}